<COMPLETERULE><Rule LifeStatus="1" Module="dfmsmrulesvalidator" Name="Minimum Distance From Edge Of Part To a Parallel Slot" RuleCategory="Sheet Metal" RuleModule="Sheet metal rules" RuleModuleFileName="dfmsmrulesu.dll" Severity="2" Status="0" Summary="The ratio of the minimum distance from an edge of a part to a parallel slot and the slot length should be &gt;= 0.2"><Parameter Name="The Ratio Of Edge To Parallel Slot Distance and Slot Length" Status="1" Type="189"><Operator>7</Operator><ParameterType>1</ParameterType><Value>0.200000</Value><Remarks/></Parameter></Rule> </COMPLETERULE>