<COMPLETERULE><Rule LifeStatus="1" Module="dfmsmrulesvalidator" Name="Cutout To Bend Distance" RuleCategory="Sheet Metal" RuleModule="Sheet metal rules" RuleModuleFileName="dfmsmrulesu.dll" Severity="2" Status="0" Summary="The ratio of the minimum distance between cutout to bend in a sheet metal part should be &gt;= 2.0."><Parameter Name="Distance between cutout and bend to Thickness ratio" Status="1" Type="203"><Operator>7</Operator><ParameterType>1</ParameterType><Value>2.000000</Value><Remarks/></Parameter></Rule> </COMPLETERULE>