<COMPLETERULE><Rule DBCategory="DrillSize" LifeStatus="1" Module="dfmassemblyrulesvalidator" Name="Hole Alignment" RuleCategory="Assembly" RuleModule="Assembly Rules" RuleModuleFileName="dfmassemblyrulesu.dll" SelectedDatabase="dfmsqlitedatabaseu" Severity="1" Status="0" Summary="Check for alignment of holes, Blocked hole and Unused holes. Gap between the parts should be &lt;= 0.5 mm."><Parameter Name="Misaligned Holes" Status="1" Type="7800"><Operator>8</Operator><ParameterType>1</ParameterType><Value>0.500000</Value><Remarks/></Parameter><Parameter Name="Blocked Holes" Status="1" Type="7092"><Operator>8</Operator><ParameterType>1</ParameterType><Remarks/></Parameter><Parameter Name="Unused Holes" Status="0" Type="7094"><Operator>8</Operator><ParameterType>1</ParameterType><Remarks/></Parameter></Rule> </COMPLETERULE>