<COMPLETERULE><Rule LifeStatus="1" Module="dfmsmrulesvalidator" Name="Cutout Distance To Part Edge" RuleCategory="Sheet Metal" RuleModule="Sheet metal rules" RuleModuleFileName="dfmsmrulesu.dll" Severity="2" Status="0" Summary="The ratio of the minimum distance from a cutout to edge of part to the sheet thickness should be &gt;= 2.0."><Parameter Name="Distance between cutout and part edge to Thickness ratio" Status="1" Type="198"><Operator>7</Operator><ParameterType>1</ParameterType><Value>2.000000</Value><Remarks/></Parameter><Parameter Name="Distance between cutout and part edge" Status="0" Type="167"><Operator>7</Operator><ParameterType>1</ParameterType><Remarks/></Parameter></Rule> </COMPLETERULE>