<COMPLETERULE><Rule LifeStatus="1" Module="dfmassemblyrulesvalidator" Name="Interference Detection" RuleCategory="Assembly" RuleModule="Assembly Rules" RuleModuleFileName="dfmassemblyrulesu.dll" Severity="1" Status="0" Summary="To achieve desired functionality, interference must be avoided in assembly."><Parameter Name="Interference detection check" Status="1" Type="6067"><Operator>3</Operator><ParameterType>22</ParameterType><Value>1</Value><Remarks/></Parameter><Parameter Name="Interference detection quilt" Status="1" Type="6069"><Operator>3</Operator><ParameterType>22</ParameterType><Value>1</Value><Remarks/></Parameter><Parameter Name="Check Each Part Under 'Component1' With All Parts Under 'Component2'" Status="1" Type="8073"><Operator>3</Operator><ParameterType>22</ParameterType><Remarks/></Parameter><Parameter Name="Interference detection cosmetic thread" Status="1" Type="6070"><Operator>3</Operator><ParameterType>22</ParameterType><Value>0</Value><Remarks/></Parameter><Parameter Name="Interference Detection" Status="1" Type="6068"><Operator>3</Operator><ParameterType>24</ParameterType><Value Attribute1="" Attribute2="" Attribute3="" Attribute4=""/><Remarks/></Parameter></Rule> </COMPLETERULE>