<COMPLETERULE><Rule LifeStatus="1" Module="dfmsmrulesvalidator" Name="Knife Edge" RuleCategory="Sheet Metal" RuleModule="Sheet metal rules" RuleModuleFileName="dfmsmrulesu.dll" Severity="2" Status="0" Summary="Sheet metal flanges should not have knife edge"/><COMPLETERULE><Rule DBCategory="DrillSize" LifeStatus="1" Module="dfmassemblyrulesvalidator" Name="Hole Alignment" RuleCategory="Assembly" RuleModule="Assembly Rules" RuleModuleFileName="dfmassemblyrulesu.dll" SelectedDatabase="dfmsqlitedatabaseu" Severity="1" Status="0" Summary="Check for alignment of holes, Blocked hole and Unused holes. Gap between the parts should be &lt;= 0.5 mm."><Parameter Name="Misaligned Holes" Status="1" Type="7800"><Operator>8</Operator><ParameterType>1</ParameterType><Value>0.500000</Value><Remarks/></Parameter><Parameter Name="Blocked Holes" Status="1" Type="7092"><Operator>8</Operator><ParameterType>1</ParameterType><Remarks/></Parameter><Parameter Name="Unused Holes" Status="0" Type="7094"><Operator>8</Operator><ParameterType>1</ParameterType><Remarks/></Parameter></Rule> </COMPLETERULE><COMPLETERULE><Rule LifeStatus="1" Module="dfmassemblyrulesvalidator" Name="Minimum Clearance Between Components" RuleCategory="Assembly" RuleModule="Assembly Rules" RuleModuleFileName="dfmassemblyrulesu.dll" Severity="1" Status="0" Summary="Minimum clearance between components should be &gt;= 0.1 mm. "><Parameter Name="Default Clearance" Status="1" Type="2062"><Operator>7</Operator><ParameterType>1</ParameterType><Value>1.000000</Value><Value>0.100000</Value><Remarks/></Parameter><Parameter Name="Pairs clearance check" Status="1" Type="2049"><Operator>3</Operator><ParameterType>1</ParameterType><Value>0.000000</Value><Remarks/></Parameter><Parameter Name="Pairs Clearance" Status="1" Type="2048"><Operator>3</Operator><ParameterType>24</ParameterType><Value Attribute1="" Attribute2="" Attribute3="" Attribute4=""/><Remarks/></Parameter><Parameter Name="Body-Body Clearance" Status="1" Type="2063"><Operator>7</Operator><ParameterType>1</ParameterType><Value>1.000000</Value><Remarks/></Parameter><Parameter Name="Minimum Clearance Ignore Mating" Status="1" Type="6072"><Operator>3</Operator><ParameterType>22</ParameterType><Value>0</Value><Remarks/></Parameter><Parameter Name="Minimum Clearance Quilt Check" Status="1" Type="6073"><Operator>3</Operator><ParameterType>22</ParameterType><Value>1</Value><Remarks/></Parameter></Rule> </COMPLETERULE><COMPLETERULE><Rule LifeStatus="1" Module="dfmassemblyrulesvalidator" Name="Interference Detection" RuleCategory="Assembly" RuleModule="Assembly Rules" RuleModuleFileName="dfmassemblyrulesu.dll" Severity="1" Status="0" Summary="To achieve desired functionality, interference must be avoided in assembly."><Parameter Name="Interference detection check" Status="1" Type="6067"><Operator>3</Operator><ParameterType>22</ParameterType><Value>1</Value><Remarks/></Parameter><Parameter Name="Interference detection quilt" Status="1" Type="6069"><Operator>3</Operator><ParameterType>22</ParameterType><Value>1</Value><Remarks/></Parameter><Parameter Name="Check Each Part Under 'Component1' With All Parts Under 'Component2'" Status="1" Type="8073"><Operator>3</Operator><ParameterType>22</ParameterType><Remarks/></Parameter><Parameter Name="Interference detection cosmetic thread" Status="1" Type="6070"><Operator>3</Operator><ParameterType>22</ParameterType><Value>0</Value><Remarks/></Parameter><Parameter Name="Interference Detection" Status="1" Type="6068"><Operator>3</Operator><ParameterType>24</ParameterType><Value Attribute1="" Attribute2="" Attribute3="" Attribute4=""/><Remarks/></Parameter></Rule> </COMPLETERULE><COMPLETERULE><Rule DBCategory="DrillSize" LifeStatus="1" Module="dfmmillrulesvalidator" Name="Deep Holes" RuleCategory="Drilling" RuleModule="Mill Rules" RuleModuleFileName="dfmmillrulesu.dll" SelectedDatabase="dfmsqlitedatabaseu" Severity="1" Status="0" Summary="The ratio of the depth of a hole to its diameter should be &lt;= 8.0."><Parameter Name="Hole Depth Dia Ratio" Status="1" Type="10001"><Operator>8</Operator><ParameterType>1</ParameterType><Value>8.000000</Value><Remarks/></Parameter></Rule> </COMPLETERULE><COMPLETERULE><Rule LifeStatus="1" Module="dfmmillrulesvalidator" Name="Entry / Exit Surface For Hole" RuleCategory="Drilling" RuleModule="Mill Rules" RuleModuleFileName="dfmmillrulesu.dll" Severity="1" Status="0" Summary="Holes should enter and exit surfaces that are perpendicular to the centerline of the hole."/><COMPLETERULE><Rule DBCategory="DrillSize" LifeStatus="1" Module="dfmmillrulesvalidator" Name="Flat Bottom Holes" RuleCategory="Drilling" RuleModule="Mill Rules" RuleModuleFileName="dfmmillrulesu.dll" SelectedDatabase="dfmsqlitedatabaseu" Severity="3" Status="0" Summary="It is recommended to use conical bottom hole, when hole is manufactured with drilling. It is recommended to use flat bottom hole, when hole is manufactured with milling."/><COMPLETERULE><Rule LifeStatus="1" Module="dfmmillrulesvalidator" Name="Deep Radiused Corners" RuleCategory="Milling" RuleModule="Mill Rules" RuleModuleFileName="dfmmillrulesu.dll" Severity="2" Status="0" Summary="The ratio of the depth of an internal corner of milled region to its radius should be &lt;= 16.0."><Parameter Name="Mill Tool Length Diameter Ratio" Status="1" Type="10003"><Operator>8</Operator><ParameterType>1</ParameterType><Value>16.000000</Value><Remarks/></Parameter></Rule> </COMPLETERULE><COMPLETERULE><Rule LifeStatus="1" Module="dfmmillrulesvalidator" Name="Sharp Internal Corners" RuleCategory="Milling" RuleModule="Mill Rules" RuleModuleFileName="dfmmillrulesu.dll" Severity="3" Status="0" Summary="Milled pockets/slots should not have sharp internal corners."/><COMPLETERULE><Rule LifeStatus="1" Module="dfmmillrulesvalidator" Name="Fillets On Top Edges" RuleCategory="Milling" RuleModule="Mill Rules" RuleModuleFileName="dfmmillrulesu.dll" Severity="4" Status="0" Summary="Edges on the tops of pockets, bosses, and slots should be chamfered and not filleted."><Parameter Name="" Status="1" Type="10153"><Operator>6</Operator><ParameterType>1</ParameterType><Remarks/></Parameter></Rule> </COMPLETERULE><COMPLETERULE><Rule LifeStatus="1" Module="dfmmillrulesvalidator" Name="Pockets With Bottom Chamfers" RuleCategory="Milling" RuleModule="Mill Rules" RuleModuleFileName="dfmmillrulesu.dll" Severity="3" Status="0" Summary="Milled pockets and bosses should not have a chamfer between the side walls and its base."/><COMPLETERULE><Rule LifeStatus="1" Module="dfmmillrulesvalidator" Name="Non Uniform Draft Features" RuleCategory="Milling" RuleModule="Mill Rules" RuleModuleFileName="dfmmillrulesu.dll" Severity="3" Status="0" Summary="All walls of tapered pockets, bosses and slots should be defined with a constant taper angle."/><COMPLETERULE><Rule LifeStatus="1" Module="dfmmillrulesvalidator" Name="Deep - Narrow Slots" RuleCategory="Milling" RuleModule="Mill Rules" RuleModuleFileName="dfmmillrulesu.dll" Severity="4" Status="0" Summary="The ratio of cross section area to the depth of a milled pocket should be &gt;= 0.8 mm."><Parameter Name="Deep - Narrow Slots" Status="1" Type="1025"><Operator>7</Operator><ParameterType>1</ParameterType><Value>0.800000</Value><Remarks/></Parameter></Rule> </COMPLETERULE><COMPLETERULE><Rule LifeStatus="1" Module="dfmmillrulesvalidator" Name="Partial Holes" RuleCategory="Drilling" RuleModule="Mill Rules" RuleModuleFileName="dfmmillrulesu.dll" Severity="2" Status="0" Summary="When a hole intersects with the side of a feature, &gt;= 75.0 percent of the area of the hole should be within material."><Parameter Name="Partial Hole Material Area" Status="1" Type="10002"><Operator>7</Operator><ParameterType>1</ParameterType><Value>75.000000</Value><Remarks/></Parameter></Rule> </COMPLETERULE><COMPLETERULE><Rule DBCategory="DrillSize" LifeStatus="1" Module="dfmmillrulesvalidator" Name="Standard Hole Sizes" RuleCategory="Drilling" RuleModule="Mill Rules" RuleModuleFileName="dfmmillrulesu.dll" SelectedDatabase="dfmsqlitedatabaseu" Severity="1" Status="0" StdHoleFilterType="Metric Unit" StdHoleTolerance="" StdHoleToleranceUnit="" StdHoleUnit="DocumentUnit" Summary="Holes should conform to standard hole diameters."/><COMPLETERULE><Rule DBCategory="DrillSize" LifeStatus="1" Module="dfmmillrulesvalidator" Name="Holes Intersecting Cavities" RuleCategory="Drilling" RuleModule="Mill Rules" RuleModuleFileName="dfmmillrulesu.dll" SelectedDatabase="dfmsqlitedatabaseu" Severity="1" Status="0" Summary="Holes should not intersect a cavity. If an intersection is unavoidable, at a minimum, the centerline of the hole should be outside the cavity."/><COMPLETERULE><Rule LifeStatus="1" Module="dfmmillrulesvalidator" Name="Tool Accessibility" RuleCategory="Milling" RuleModule="Mill Rules" RuleModuleFileName="dfmmillrulesu.dll" Severity="1" Status="0" Summary="Features should be accessible to the cutting tool in the preferred machining orientation."/><COMPLETERULE><Rule LifeStatus="1" Module="dfmmillrulesvalidator" Name="Narrow Regions In Pockets" RuleCategory="Milling" RuleModule="Mill Rules" RuleModuleFileName="dfmmillrulesu.dll" Severity="2" Status="0" Summary="To minimize the use of small tools, distance between features / model faces of milled regions should be &gt;= 3.0 mm and the ratio of depth of milling region to  its width should be &lt;= 10.0."><Parameter Name="Select the drill diameter to delete" Status="1" Type="1066"><Operator>7</Operator><ParameterType>1</ParameterType><Value>3.000000</Value><Remarks/></Parameter><Parameter Name="Failed to delete drill diameter from Database" Status="1" Type="1067"><Operator>8</Operator><ParameterType>1</ParameterType><Value>10.000000</Value><Remarks/></Parameter></Rule> </COMPLETERULE></COMPLETERULE></COMPLETERULE></COMPLETERULE></COMPLETERULE></COMPLETERULE></COMPLETERULE></COMPLETERULE></COMPLETERULE></COMPLETERULE>