<COMPLETERULE><Rule LifeStatus="1" Module="dfmsmrulesvalidator" Name="Minimum Bend Radius" RuleCategory="Sheet Metal" RuleModule="Sheet metal rules" RuleModuleFileName="dfmsmrulesu.dll" Severity="4" Status="0" Summary="Minimum bend radius should be as per recommended value based on material."><Parameter Name="Bend radius to Thickness ratio" Status="1" Type="181"><Operator>7</Operator><ParameterType>1</ParameterType><Value>2.000000</Value><Remarks/></Parameter><Constraint Status="1" Type="Material" Value="Aluminium Alloys"><Parameter Name="Bend radius to Thickness ratio" Status="1" Type="181"><Operator>7</Operator><ParameterType>1</ParameterType><Value>6.000000</Value><Remarks/></Parameter></Constraint><Constraint Status="1" Type="Material" Value="Beryllium Copper"><Parameter Name="Bend radius to Thickness ratio" Status="1" Type="181"><Operator>7</Operator><ParameterType>1</ParameterType><Value>4.000000</Value><Remarks/></Parameter></Constraint><Constraint Status="1" Type="Material" Value="Low-Leaded Brass"><Parameter Name="Bend radius to Thickness ratio" Status="1" Type="181"><Operator>7</Operator><ParameterType>1</ParameterType><Value>2.000000</Value><Remarks/></Parameter></Constraint><Constraint Status="1" Type="Material" Value="Magnesium"><Parameter Name="Bend radius to Thickness ratio" Status="1" Type="181"><Operator>7</Operator><ParameterType>1</ParameterType><Value>13.000000</Value><Remarks/></Parameter></Constraint><Constraint Status="1" Type="Material" Value="Austentic Stainless"><Parameter Name="Bend radius to Thickness ratio" Status="1" Type="181"><Operator>7</Operator><ParameterType>1</ParameterType><Value>6.000000</Value><Remarks/></Parameter></Constraint><Constraint Status="1" Type="Material" Value="Low-Carbon,Low-Alloy"><Parameter Name="Bend radius to Thickness ratio" Status="1" Type="181"><Operator>7</Operator><ParameterType>1</ParameterType><Value>4.000000</Value><Remarks/></Parameter></Constraint><Constraint Status="1" Type="Material" Value="Titanium"><Parameter Name="Bend radius to Thickness ratio" Status="1" Type="181"><Operator>7</Operator><ParameterType>1</ParameterType><Value>3.000000</Value><Remarks/></Parameter></Constraint><Constraint Status="1" Type="Material" Value="Titanium Alloys"><Parameter Name="Bend radius to Thickness ratio" Status="1" Type="181"><Operator>7</Operator><ParameterType>1</ParameterType><Value>4.000000</Value><Remarks/></Parameter></Constraint></Rule> </COMPLETERULE>