<COMPLETERULE><Rule LifeStatus="1" Module="dfmsmrulesvalidator" Name="Open Hem" RuleCategory="Sheet Metal" RuleModule="Sheet metal rules" RuleModuleFileName="dfmsmrulesu.dll" Severity="1" Status="0" Summary="The ratio of the open hem radius to the sheet metal thickness should be &gt;= 0.5 and the ratio of the return flange height to the sheet metal thickness should be &gt;= 4.0."><Parameter Name="Open Hem Diameter" Status="1" Type="125"><Operator>7</Operator><ParameterType>1</ParameterType><Value>0.500000</Value><Remarks/></Parameter><Parameter Name="Open Hem Flange Height" Status="1" Type="127"><Operator>7</Operator><ParameterType>1</ParameterType><Value>4.000000</Value><Remarks/></Parameter></Rule> </COMPLETERULE>