<COMPLETERULE><Rule LifeStatus="1" Module="dfmturnrulesvalidator" Name="Blind Hole Relief" RuleCategory="Turning" RuleModule="Turn Rules" RuleModuleFileName="dfmturnrulesu.dll" SelectedDatabase="" Severity="1" Status="0" Summary="Blind bored holes should be defined with tool relief at the end of the hole. The amount of relief should be &gt;= 0.03 times the Diameter of the Bored hole."><DataBases/><Parameter Name="Bore Relief(% of Bore Diameter)" Status="1" Type="1041"><Operator>7</Operator><ParameterType>1</ParameterType><Value>3.000000</Value><Remarks/></Parameter></Rule> </COMPLETERULE>