<COMPLETERULE><Rule LifeStatus="1" Module="dfmsmrulesvalidator" Name="Tear Drop Hem" RuleCategory="Sheet Metal" RuleModule="Sheet metal rules" RuleModuleFileName="dfmsmrulesu.dll" Severity="1" Status="0" Summary="The ratio of the tear drop hem radius to the sheet metal thickness should be &gt;= 0.5, the ratio of the return flange height to the sheet metal thickness should be &gt;= 4.0 , and the ratio of the hem opening to the sheet metal thickness should be &gt;= 0.25."><Parameter Name="Tear Drop Hem Diameter" Status="1" Type="3019"><Operator>7</Operator><ParameterType>1</ParameterType><Value>0.500000</Value><Remarks/></Parameter><Parameter Name="Tear Drop Flange Height" Status="1" Type="3020"><Operator>7</Operator><ParameterType>1</ParameterType><Value>4.000000</Value><Remarks/></Parameter><Parameter Name="Tear Drop Hem Opening" Status="1" Type="3021"><Operator>7</Operator><ParameterType>1</ParameterType><Value>0.250000</Value><Remarks/></Parameter></Rule> </COMPLETERULE>