<COMPLETERULE><Rule LifeStatus="1" Module="dfmsmrulesvalidator" Name="Hole Distance To Bends" RuleCategory="Sheet Metal" RuleModule="Sheet metal rules" RuleModuleFileName="dfmsmrulesu.dll" Severity="1" Status="0" Summary="The ratio of the minimum distance between the edge of a hole and a bend, to the sheet thickness, should be &gt;= 2.0."><Parameter Name="Distance To Thickness Ratio" Status="1" Type="21024"><Operator>7</Operator><ParameterType>1</ParameterType><Value>2.000000</Value><Remarks/></Parameter><Parameter Name="Distance To Thickness Ratio" Status="1" Type="21024"><Operator>7</Operator><ParameterType>1</ParameterType><Remarks/></Parameter></Rule> </COMPLETERULE>