<COMPLETERULE><Rule LifeStatus="1" Module="dfmassemblyrulesvalidator" Name="Minimum Clearance Between Components" RuleCategory="Assembly" RuleModule="Assembly Rules" RuleModuleFileName="dfmassemblyrulesu.dll" Severity="1" Status="0" Summary="Minimum clearance between components should be &gt;= 0.1 mm. "><Parameter Name="Default Clearance" Status="1" Type="2062"><Operator>7</Operator><ParameterType>1</ParameterType><Value>1.000000</Value><Value>0.100000</Value><Remarks/></Parameter><Parameter Name="Pairs clearance check" Status="1" Type="2049"><Operator>3</Operator><ParameterType>1</ParameterType><Value>0.000000</Value><Remarks/></Parameter><Parameter Name="Pairs Clearance" Status="1" Type="2048"><Operator>3</Operator><ParameterType>24</ParameterType><Value Attribute1="" Attribute2="" Attribute3="" Attribute4=""/><Remarks/></Parameter><Parameter Name="Body-Body Clearance" Status="1" Type="2063"><Operator>7</Operator><ParameterType>1</ParameterType><Value>1.000000</Value><Remarks/></Parameter><Parameter Name="Minimum Clearance Ignore Mating" Status="1" Type="6072"><Operator>3</Operator><ParameterType>22</ParameterType><Value>0</Value><Remarks/></Parameter><Parameter Name="Minimum Clearance Quilt Check" Status="1" Type="6073"><Operator>3</Operator><ParameterType>22</ParameterType><Value>1</Value><Remarks/></Parameter></Rule> </COMPLETERULE>