<COMPLETERULE><Rule LifeStatus="1" Module="dfmcastingrulesvalidator" Name="Fillet Radius" RuleCategory="Casting" RuleModule="Casting Rules" RuleModuleFileName="dfmcastingrulesu.dll" Severity="2" Status="0" Summary="Fillet radius should be between 0.1 to 0.2 mm."><Parameter Name="Minimum Radius" Status="1" Type="2142"><Operator>5</Operator><ParameterType>1</ParameterType><Value>0.100000</Value><Remarks/></Parameter><Parameter Name="Maximum Radius" Status="1" Type="2144"><Operator>6</Operator><ParameterType>1</ParameterType><Value>0.200000</Value><Remarks/></Parameter></Rule> </COMPLETERULE>