<COMPLETERULE><Rule LifeStatus="1" Module="dfmrprulesvalidator" Name="Faces Requiring Support" RuleCategory="Additive Manufacturing" RuleModule="Additive Manufacturing Rules" RuleModuleFileName="dfmrprulesu.dll" Severity="1" Status="0" Summary="Faces requiring support need to be minimal for ease of manufacturing and to reduce manufacturing time and associated secondary operations like removal of support, cleaning and sanding of the part at support joints."><Parameter Name="" Status="1" Type="10142"><Operator>7</Operator><ParameterType>1</ParameterType><Remarks/></Parameter><Parameter Name="" Status="1" Type="10141"><Operator>3</Operator><ParameterType>24</ParameterType><Remarks/></Parameter><Parameter Name="" Status="0" Type="10140"><Operator>5</Operator><ParameterType>1</ParameterType><Remarks/></Parameter></Rule> </COMPLETERULE>