<COMPLETERULE><Rule LifeStatus="1" Module="dfmimrulesvalidator" Name="Recommended Rib Parameters" RuleCategory="Injection Molding" RuleModule="Injection Molding Rules" RuleModuleFileName="dfmimrulesu.dll" Severity="2" Status="0" Summary="Ratio of rib thickness to nominal wall thickness should be &lt;= 0.4. Ratio of rib height to nominal wall thickness should be &lt;= 2.5."><Parameter Name="Rib Thickness to Nominal Wall Thickness" Status="1" Type="2083"><Operator>8</Operator><ParameterType>1</ParameterType><Value>0.400000</Value><Value>0.600000</Value><Value>1.000000</Value><Remarks/></Parameter><Parameter Name="Rib Height to Nominal Wall Thickness" Status="1" Type="2084"><Operator>8</Operator><ParameterType>1</ParameterType><Value>2.500000</Value><Value>3.000000</Value><Remarks/></Parameter><Parameter Name="Rib Width to Nominal Wall Thickness" Status="0" Type="2085"><Operator>8</Operator><ParameterType>1</ParameterType><Value>0.000000</Value><Value>0.000000</Value><Remarks/></Parameter></Rule> </COMPLETERULE>