<COMPLETERULE><Rule LifeStatus="1" Module="dfmsmrulesvalidator" Name="Rolled Hem To Hole Edge Distance" RuleCategory="Sheet Metal" RuleModule="Sheet metal rules" RuleModuleFileName="dfmsmrulesu.dll" Severity="1" Status="0" Summary="The ratio of the minimum distance between the rolled hem and the edge of a hole, to the sheet thickness, should be &gt;= 1.0."><Parameter Name="Distance between a rolled hem and a hole to Thickness ratio" Status="1" Type="157"><Operator>7</Operator><ParameterType>0</ParameterType><Value>1.000000</Value><Remarks/></Parameter></Rule> </COMPLETERULE>