<COMPLETERULE><Rule LifeStatus="1" Module="dfmimrulesvalidator" Name="Minimum Draft Angle" RuleCategory="Injection Molding" RuleModule="Injection Molding Rules" RuleModuleFileName="dfmimrulesu.dll" Severity="2" Status="0" Summary="Draft angle for core should be &gt;= 0.5 deg and draft angle for cavity should be &gt;= 5.0 deg."><Parameter Name="Minimum Draft Angle For Core" Status="1" Type="2120"><Operator>7</Operator><ParameterType>2</ParameterType><Value>0.500000</Value><Remarks/></Parameter><Parameter Name="Minimum Draft Angle For Cavity" Status="1" Type="2121"><Operator>7</Operator><ParameterType>2</ParameterType><Value>5.000000</Value><Remarks/></Parameter></Rule> </COMPLETERULE>