<COMPLETERULE><Rule LifeStatus="1" Module="dfmturnrulesvalidator" Name="Long - Slender Turned Parts" RuleCategory="Turning" RuleModule="Turn Rules" RuleModuleFileName="dfmturnrulesu.dll" SelectedDatabase="" Severity="4" Status="0" Summary="The ratio of the length of turned part to its minimum diameter should be &lt;= 8.0."><DataBases/><Parameter Name="Aspect Ratio (Diameter/Length)" Status="1" Type="1001"><Operator>8</Operator><ParameterType>1</ParameterType><Value>8.000000</Value><Remarks/></Parameter></Rule> </COMPLETERULE>