<COMPLETERULE><Rule LifeStatus="1" Module="dfmsmrulesvalidator" Name="Counterbore Hole Distance To Part Edge" RuleCategory="Sheet Metal" RuleModule="Sheet metal rules" RuleModuleFileName="dfmsmrulesu.dll" Severity="1" Status="0" Summary="The ratio of the minimum distance between the edge of a counterbore hole and the edge of the part, to the sheet thickness, should be &gt;= 4.0."><Parameter Name="Distance between  countersink hole and edge  to Thickness ratio" Status="1" Type="129"><Operator>7</Operator><ParameterType>1</ParameterType><Value>4.000000</Value><Remarks/></Parameter></Rule> </COMPLETERULE>