<COMPLETERULE><Rule LifeStatus="1" Module="dfmmillrulesvalidator" Name="Deep Radiused Corners" RuleCategory="Milling" RuleModule="Mill Rules" RuleModuleFileName="dfmmillrulesu.dll" Severity="2" Status="0" Summary="The ratio of the depth of an internal corner of milled region to its radius should be &lt;= 16.0."><Parameter Name="Mill Tool Length Diameter Ratio" Status="1" Type="10003"><Operator>8</Operator><ParameterType>1</ParameterType><Value>16.000000</Value><Remarks/></Parameter></Rule> </COMPLETERULE>