<COMPLETERULE><Rule LifeStatus="1" Module="dfmsmrulesvalidator" Name="Minimum Distance From Bend To a Parallel Slot" RuleCategory="Sheet Metal" RuleModule="Sheet metal rules" RuleModuleFileName="dfmsmrulesu.dll" Severity="2" Status="0" Summary="The ratio of the minimum distance from a bend to a parallel slot and the sheet thickness should be &gt;= 4.0"><Parameter Name="The Ratio Of Bend To Parallel Slot Distance and Sheet Thickness" Status="1" Type="212"><Operator>7</Operator><ParameterType>1</ParameterType><Value>4.000000</Value><Remarks/></Parameter></Rule> </COMPLETERULE>