<COMPLETERULE><Rule LifeStatus="1" Module="dfmimrulesvalidator" Name="Maximum Cutout Area" RuleCategory="Injection Molding" RuleModule="Injection Molding Rules" RuleModuleFileName="dfmimrulesu.dll" Severity="3" Status="0" Summary="Ratio of cutout area to nominal wall thickness should be &lt;= 10.0 mm."><Parameter Name="Maximum Cutout Area to Nominal Wall Thickness" Status="1" Type="2081"><Operator>8</Operator><ParameterType>1</ParameterType><Value>10.000000</Value><Remarks/></Parameter></Rule> </COMPLETERULE>