<COMPLETERULE><Rule LifeStatus="1" Module="dfmsmrulesvalidator" Name="Minimum Distance Between Cutouts" RuleCategory="Sheet Metal" RuleModule="Sheet metal rules" RuleModuleFileName="dfmsmrulesu.dll" Severity="2" Status="0" Summary="The ratio of the minimum distance between cutouts in a sheet metal part to the thickness should be &gt;= 2.0."><Parameter Name="Distance between cutouts to Thickness ratio" Status="1" Type="186"><Operator>7</Operator><ParameterType>1</ParameterType><Value>2.000000</Value><Remarks/></Parameter></Rule> </COMPLETERULE>