<COMPLETERULE><Rule LifeStatus="1" Module="dfmimrulesvalidator" Name="Rib Reinforcement Check" RuleCategory="Injection Molding" RuleModule="Injection Molding Rules" RuleModuleFileName="dfmimrulesu.dll" Severity="3" Status="0" Summary="The ratio of the rib height to nominal wall thickness should be &lt;= 3.0.The ratio of the rib width to nominal wall thickness should be &lt;= 2.0."><Parameter Name="Rib Cross Sectional Area to Nominal Wall Thickness" Status="0" Type="2077"><Operator>8</Operator><ParameterType>1</ParameterType><Value>5.000000</Value><Remarks/></Parameter><Parameter Name="Rib Height To Nominal Wall Thickness" Status="1" Type="2102"><Operator>8</Operator><ParameterType>1</ParameterType><Value>3.000000</Value><Remarks/></Parameter><Parameter Name="Rib Width To Nominal Wall Thickness" Status="1" Type="2103"><Operator>8</Operator><ParameterType>1</ParameterType><Value>2.000000</Value><Remarks/></Parameter></Rule> </COMPLETERULE>