<COMPLETERULE><Rule LifeStatus="1" Module="dfmsmrulesvalidator" Name="Rolled Hem" RuleCategory="Sheet Metal" RuleModule="Sheet metal rules" RuleModuleFileName="dfmsmrulesu.dll" Severity="1" Status="0" Summary="The ratio of the rolled hem radius to material thickness, should be &gt;= 2.0, and the ratio of opening to material thickness, should be &gt;= 1.0."><Parameter Name="Rolled Hem Radius To Thickness Ratio" Status="1" Type="161"><Operator>7</Operator><ParameterType>1</ParameterType><Value>2.000000</Value><Remarks/></Parameter><Parameter Name="Rolled Hem Opening To Thickness Ratio" Status="1" Type="162"><Operator>7</Operator><ParameterType>1</ParameterType><Value>1.000000</Value><Remarks/></Parameter></Rule> </COMPLETERULE>