<COMPLETERULE><Rule LifeStatus="1" Module="dfmimrulesvalidator" Name="Mold Wall Thickness" RuleCategory="Injection Molding" RuleModule="Injection Molding Rules" RuleModuleFileName="dfmimrulesu.dll" Severity="2" Status="0" Summary="Ratio of mold wall thickness to nominal wall thickness of part should be &gt;= 2.0.  "><Parameter Name="Mold Wall Thickness to Nominal Wall Thickness Ratio" Status="1" Type="2094"><Operator>7</Operator><ParameterType>1</ParameterType><Value>2.000000</Value><Remarks/></Parameter><Parameter Name="Mold Wall Thickness" Status="0" Type="2095"><Operator>7</Operator><ParameterType>1</ParameterType><Value>1.000000</Value><Remarks/></Parameter></Rule> </COMPLETERULE>