<COMPLETERULE><Rule LifeStatus="1" Module="dfmsmrulesvalidator" Name="Minimum Width Of a Slot" RuleCategory="Sheet Metal" RuleModule="Sheet metal rules" RuleModuleFileName="dfmsmrulesu.dll" Severity="2" Status="0" Summary="The ratio of width of a slot to the sheet thickness should be &gt;= 2.0."><Parameter Name="Slot Width to Sheet Thickness Ratio" Status="1" Type="207"><Operator>7</Operator><ParameterType>1</ParameterType><Value>2.000000</Value><Remarks/></Parameter><Parameter Name="Slot Length to Slot Width Ratio" Status="0" Type="208"><Operator>8</Operator><ParameterType>1</ParameterType><Value>15.000000</Value><Remarks/></Parameter></Rule> </COMPLETERULE>