<COMPLETERULE><Rule LifeStatus="1" Module="dfmimrulesvalidator" Name="Uniform Wall Thickness" RuleCategory="Injection Molding" RuleModule="Injection Molding Rules" RuleModuleFileName="dfmimrulesu.dll" Severity="2" Status="0" Summary="Minimum wall thickness should be &gt;= 2.0 mm. Maximum wall thickness should be &lt;3.0 mm. "><Parameter Name="Minimum Wall Thickness" Status="1" Type="2045"><Operator>7</Operator><ParameterType>1</ParameterType><Value>2.000000</Value><Remarks/></Parameter><Parameter Name="Maximum Wall Thickness" Status="1" Type="2046"><Operator>8</Operator><ParameterType>1</ParameterType><Value>3.000000</Value><Remarks/></Parameter></Rule> </COMPLETERULE>