<COMPLETERULE><Rule LifeStatus="1" Module="dfmcastingrulesvalidator" Name="Uniform Wall Thickness" RuleCategory="Casting" RuleModule="Casting Rules" RuleModuleFileName="dfmcastingrulesu.dll" Severity="2" Status="0" Summary="Minimum wall thickness should be &gt;= 3.0 mm. Maximum wall thickness should be &lt;5.0 mm. "><Parameter Name="Minimum Wall Thickness" Status="1" Type="2045"><Operator>7</Operator><ParameterType>1</ParameterType><Value>3.000000</Value><Remarks/></Parameter><Parameter Name="Maximum Wall Thickness" Status="1" Type="2046"><Operator>8</Operator><ParameterType>1</ParameterType><Value>5.000000</Value><Remarks/></Parameter><Constraint Status="0" Type="Material" Value="Aluminium"><Parameter Name="Minimum Wall Thickness" Status="0" Type="2045"><Operator>7</Operator><ParameterType>1</ParameterType><Value>1.016000</Value><Remarks/></Parameter><Parameter Name="Maximum Wall Thickness" Status="0" Type="2046"><Operator>8</Operator><ParameterType>1</ParameterType><Value>7.620000</Value><Remarks/></Parameter></Constraint><Constraint Status="0" Type="Material" Value="Zinc/ZA"><Parameter Name="Minimum Wall Thickness" Status="0" Type="2045"><Operator>7</Operator><ParameterType>1</ParameterType><Value>0.762000</Value><Remarks/></Parameter><Parameter Name="Maximum Wall Thickness" Status="0" Type="2046"><Operator>8</Operator><ParameterType>1</ParameterType><Value>9.652000</Value><Remarks/></Parameter></Constraint><Constraint Status="0" Type="Material" Value="Magnesium"><Parameter Name="Minimum Wall Thickness" Status="0" Type="2045"><Operator>7</Operator><ParameterType>1</ParameterType><Value>1.016000</Value><Remarks/></Parameter><Parameter Name="Maximum Wall Thickness" Status="0" Type="2046"><Operator>8</Operator><ParameterType>1</ParameterType><Value>8.128000</Value><Remarks/></Parameter></Constraint><Constraint Status="0" Type="Material" Value="Brass"><Parameter Name="Minimum Wall Thickness" Status="0" Type="2045"><Operator>7</Operator><ParameterType>1</ParameterType><Value>1.397000</Value><Remarks/></Parameter><Parameter Name="Maximum Wall Thickness" Status="0" Type="2046"><Operator>8</Operator><ParameterType>1</ParameterType><Value>9.398000</Value><Remarks/></Parameter></Constraint><Constraint Status="0" Type="Material" Value="Steel"><Parameter Name="Minimum Wall Thickness" Status="0" Type="2045"><Operator>7</Operator><ParameterType>1</ParameterType><Value>1.524000</Value><Remarks/></Parameter><Parameter Name="Maximum Wall Thickness" Status="0" Type="2046"><Operator>8</Operator><ParameterType>1</ParameterType><Value>9.906000</Value><Remarks/></Parameter></Constraint></Rule> </COMPLETERULE>