<COMPLETERULE><Rule DBCategory="DrillSize" LifeStatus="1" Module="dfmmillrulesvalidator" Name="Holes Intersecting Cavities" RuleCategory="Drilling" RuleModule="Mill Rules" RuleModuleFileName="dfmmillrulesu.dll" SelectedDatabase="dfmsqlitedatabaseu" Severity="1" Status="0" Summary="Holes should not intersect a cavity. If an intersection is unavoidable, at a minimum, the centerline of the hole should be outside the cavity."/><COMPLETERULE><Rule LifeStatus="1" Module="dfmmillrulesvalidator" Name="Tool Accessibility" RuleCategory="Milling" RuleModule="Mill Rules" RuleModuleFileName="dfmmillrulesu.dll" Severity="1" Status="0" Summary="Features should be accessible to the cutting tool in the preferred machining orientation."/><COMPLETERULE><Rule LifeStatus="1" Module="dfmmillrulesvalidator" Name="Narrow Regions In Pockets" RuleCategory="Milling" RuleModule="Mill Rules" RuleModuleFileName="dfmmillrulesu.dll" Severity="2" Status="0" Summary="To minimize the use of small tools, distance between features / model faces of milled regions should be &gt;= 3.0 mm and the ratio of depth of milling region to  its width should be &lt;= 10.0."><Parameter Name="Select the drill diameter to delete" Status="1" Type="1066"><Operator>7</Operator><ParameterType>1</ParameterType><Value>3.000000</Value><Remarks/></Parameter><Parameter Name="Failed to delete drill diameter from Database" Status="1" Type="1067"><Operator>8</Operator><ParameterType>1</ParameterType><Value>10.000000</Value><Remarks/></Parameter></Rule> </COMPLETERULE></COMPLETERULE></COMPLETERULE>