<COMPLETERULE><Rule DBCategory="DrillSize" LifeStatus="1" Module="dfmmillrulesvalidator" Name="Deep Holes" RuleCategory="Drilling" RuleModule="Mill Rules" RuleModuleFileName="dfmmillrulesu.dll" SelectedDatabase="dfmsqlitedatabaseu" Severity="1" Status="0" Summary="The ratio of the depth of a hole to its diameter should be &lt;= 8.0."><Parameter Name="Hole Depth Dia Ratio" Status="1" Type="10001"><Operator>8</Operator><ParameterType>1</ParameterType><Value>8.000000</Value><Remarks/></Parameter></Rule> </COMPLETERULE>