<COMPLETERULE><Rule LifeStatus="1" Module="dfmimrulesvalidator" Name="Minimum Radius at Base of Boss" RuleCategory="Injection Molding" RuleModule="Injection Molding Rules" RuleModuleFileName="dfmimrulesu.dll" Severity="2" Status="0" Summary="Ratio of radius at the base of boss to nominal wall thickness should be &gt;= 0.25. "><Parameter Name="Boss Base Radius to Nominal Wall Thickness" Status="1" Type="2054"><Operator>7</Operator><ParameterType>1</ParameterType><Value>0.250000</Value><Remarks/></Parameter><Parameter Name="Minimum Radius" Status="0" Type="2055"><Operator>7</Operator><ParameterType>1</ParameterType><Value>0.400000</Value><Remarks/></Parameter></Rule> </COMPLETERULE>