<COMPLETERULE><Rule LifeStatus="1" Module="dfmmillrulesvalidator" Name="Partial Holes" RuleCategory="Drilling" RuleModule="Mill Rules" RuleModuleFileName="dfmmillrulesu.dll" Severity="2" Status="0" Summary="When a hole intersects with the side of a feature, &gt;= 75.0 percent of the area of the hole should be within material."><Parameter Name="Partial Hole Material Area" Status="1" Type="10002"><Operator>7</Operator><ParameterType>1</ParameterType><Value>75.000000</Value><Remarks/></Parameter></Rule> </COMPLETERULE>