<COMPLETERULE><Rule LifeStatus="1" Module="dfmsmrulesvalidator" Name="Counterbore Hole Spacing" RuleCategory="Sheet Metal" RuleModule="Sheet metal rules" RuleModuleFileName="dfmsmrulesu.dll" Severity="1" Status="0" Summary="The ratio of the minimum distance between the edges of  two counterbore holes, to the sheet thickness, should be &gt;= 8.0."><Parameter Name="Distance between two counterbore holes to Thickness ratio" Status="1" Type="109"><Operator>7</Operator><ParameterType>1</ParameterType><Value>8.000000</Value><Remarks/></Parameter></Rule> </COMPLETERULE>